DATE ADDED TO CATALOG	PUBMEDID	FIRST AUTHOR	DATE	JOURNAL	LINK	STUDY	DISEASE/TRAIT	INITIAL SAMPLE SIZE	REPLICATION SAMPLE SIZE	REGION	CHR_ID	CHR_POS	REPORTED GENE(S)	MAPPED_GENE	UPSTREAM_GENE_ID	DOWNSTREAM_GENE_ID	SNP_GENE_IDS	UPSTREAM_GENE_DISTANCE	DOWNSTREAM_GENE_DISTANCE	STRONGEST SNP-RISK ALLELE	SNPS	MERGED	SNP_ID_CURRENT	CONTEXT	INTERGENIC	RISK ALLELE FREQUENCY	P-VALUE	PVALUE_MLOG	P-VALUE (TEXT)	OR or BETA	95% CI (TEXT)	PLATFORM [SNPS PASSING QC]	CNV	MAPPED_TRAIT	MAPPED_TRAIT_URI	STUDY ACCESSION	GENOTYPING TECHNOLOGY
21.06.17	28270201	Nagy R	07.03.17	Genome Med	www.ncbi.nlm.nih.gov/pubmed/28270201	"Exploration of haplotype research consortium imputation for genome-wide association studies in 20,032 Generation Scotland participants."	Fasting plasma glucose	"15,226 British ancestry non-diabetics individuals from 6863 families, 948 British ancestry diabetic individuals from 6863 families."	NA	1q32.3	1	214150821	intergenic	PROX1-AS1			100505832			rs79687284-C	rs79687284	0	79687284	intron_variant	0	0.0364	2.00E-08	7.698970004	(Non diabetics)	0.20430802	[0.13-0.28] mmol/L increase	Illumina [24111857] (imputed)	N	fasting blood glucose measurement	http://www.ebi.ac.uk/efo/EFO_0004465	GCST004206	Genome-wide genotyping array
25.01.18	22581228	Manning AK	13.05.12	Nat Genet	www.ncbi.nlm.nih.gov/pubmed/22581228	A genome-wide approach accounting for body mass index identifies genetic variants influencing fasting glycemic traits and insulin resistance.	Fasting blood glucose	"Up to 58,074 European ancestry individuals"	"Up tp 38,422 European ancestry individuals"	1q32.3	1	214159256	PROX1	"PROX1, PROX1-AS1"			"5629, 100505832"			rs340874-T	rs340874	0	340874	non_coding_transcript_exon_variant	0	0.4832	9.00E-07	6.045757491		0.0159	[0.0096-0.0222] unit decrease	"Affymetrix, Illumina [~ 2400000] (imputed)"	N	fasting blood glucose measurement	http://www.ebi.ac.uk/efo/EFO_0004465	GCST005186	Genome-wide genotyping array
15.08.12	22581228	Manning AK	13.05.12	Nat Genet	www.ncbi.nlm.nih.gov/pubmed/22581228	A genome-wide approach accounting for body mass index identifies genetic variants influencing fasting glycemic traits and insulin resistance.	Fasting blood glucose (BMI interaction)	"Up to 58,074 European ancestry individuals"	"Up tp 38,422 European ancestry individuals"	1q32.3	1	214159256	PROX1	"PROX1, PROX1-AS1"			"5629, 100505832"			rs340874-T	rs340874	0	340874	non_coding_transcript_exon_variant	0	0.4754	4.00E-09	8.397940009		0.0011	[-0.00023-0.00243] unit increase	"Affymetrix, Illumina [~ 2400000] (imputed)"	N	"body mass index, fasting blood glucose measurement"	"http://www.ebi.ac.uk/efo/EFO_0004340, http://www.ebi.ac.uk/efo/EFO_0004465"	GCST001527	Genome-wide genotyping array
28.02.10	20081858	Dupuis J	17.01.10	Nat Genet	www.ncbi.nlm.nih.gov/pubmed/20081858	New genetic loci implicated in fasting glucose homeostasis and their impact on type 2 diabetes risk.	Fasting blood glucose	"46,186 European ancestry individuals"	"76,558 European ancestry individuals"	1q32.3	1	214159256	PROX1	"PROX1, PROX1-AS1"			"5629, 100505832"			rs340874-C	rs340874	0	340874	non_coding_transcript_exon_variant	0	0.52	7.00E-12	11.15490196		0.013	[0.0071-0.0189] mmol/L increase (replication)	"Affymetrix, Illumina [~ 2500000] (imputed)"	N	fasting blood glucose measurement	http://www.ebi.ac.uk/efo/EFO_0004465	GCST000568	Genome-wide genotyping array
25.01.18	22581228	Manning AK	13.05.12	Nat Genet	www.ncbi.nlm.nih.gov/pubmed/22581228	A genome-wide approach accounting for body mass index identifies genetic variants influencing fasting glycemic traits and insulin resistance.	Fasting blood glucose	"Up to 58,074 European ancestry individuals"	"Up tp 38,422 European ancestry individuals"	2p23.3	2	27152874	DPYSL5	DPYSL5			56896			rs1371614-T	rs1371614	0	1371614	intron_variant	0	0.2518	3.00E-11	10.52287875		0.0189	[0.013-0.025] unit increase	"Affymetrix, Illumina [~ 2400000] (imputed)"	N	fasting blood glucose measurement	http://www.ebi.ac.uk/efo/EFO_0004465	GCST005186	Genome-wide genotyping array
15.08.12	22581228	Manning AK	13.05.12	Nat Genet	www.ncbi.nlm.nih.gov/pubmed/22581228	A genome-wide approach accounting for body mass index identifies genetic variants influencing fasting glycemic traits and insulin resistance.	Fasting blood glucose (BMI interaction)	"Up to 58,074 European ancestry individuals"	"Up tp 38,422 European ancestry individuals"	2p23.3	2	27152874	DPYSL5	DPYSL5			56896			rs1371614-T	rs1371614	0	1371614	intron_variant	0	0.254	2.00E-12	11.69897		3.98E-04	[-0.00083-0.00162] unit increase	"Affymetrix, Illumina [~ 2400000] (imputed)"	N	"body mass index, fasting blood glucose measurement"	"http://www.ebi.ac.uk/efo/EFO_0004340, http://www.ebi.ac.uk/efo/EFO_0004465"	GCST001527	Genome-wide genotyping array
01.03.14	23903356	Hayes MG	31.07.13	Diabetes	www.ncbi.nlm.nih.gov/pubmed/23903356	Identification of HKDC1 and BACE2 as genes influencing glycemic traits during pregnancy through genome-wide association studies.	Glycemic traits (pregnancy)	"1,367 European ancestry individuals, 817 Hispanic individuals, 1,075 Afro-Caribbean individuals, 1,178 Thai ancestry individuals"	"2,798 European ancestry individuals, 228 French Canadian founder population individuals"	2p23.3	2	27730940	GCKR	GCKR			2646			rs1260326-T	rs1260326	0	1260326	missense_variant	0	0.409	6.00E-13	12.22184875	(FPG)	0.0044	[NR] unit decrease	Illumina [up to 945994] (imputed)	N	fasting blood glucose measurement	http://www.ebi.ac.uk/efo/EFO_0004465	GCST002110	Genome-wide genotyping array
21.06.17	28270201	Nagy R	07.03.17	Genome Med	www.ncbi.nlm.nih.gov/pubmed/28270201	"Exploration of haplotype research consortium imputation for genome-wide association studies in 20,032 Generation Scotland participants."	Fasting plasma glucose	"15,226 British ancestry non-diabetics individuals from 6863 families, 948 British ancestry diabetic individuals from 6863 families."	NA	2p23.3	2	27741105	GCKR	GCKR			2646			rs780095-G	rs780095	0	780095	intron_variant	0	0.4267	8.00E-09	8.096910013	(Non diabetics)	0.070907116	[0.047-0.095] mmol/L increase	Illumina [24111857] (imputed)	N	fasting blood glucose measurement	http://www.ebi.ac.uk/efo/EFO_0004465	GCST004206	Genome-wide genotyping array
16.10.18	29743933	Wu B	18.03.18	Comput Math Methods Med	www.ncbi.nlm.nih.gov/pubmed/29743933	Fast and Accurate Genome-Wide Association Test of Multiple Quantitative Traits.	Glycemic traits (multi-trait analysis)	"5,947 European ancestry individuals"	NA	2p23.3	2	27741237	NR	GCKR			2646			rs780094-?	rs780094	0	780094	intron_variant	0	NR	1.00E-10	10				NR [~ 2500000] (imputed)	N	"fasting blood glucose measurement, glucose tolerance test, fasting blood insulin measurement"	"http://www.ebi.ac.uk/efo/EFO_0004465, http://www.ebi.ac.uk/efo/EFO_0004307, http://www.ebi.ac.uk/efo/EFO_0004466"	GCST006404	Genome-wide genotyping array
25.01.18	22581228	Manning AK	13.05.12	Nat Genet	www.ncbi.nlm.nih.gov/pubmed/22581228	A genome-wide approach accounting for body mass index identifies genetic variants influencing fasting glycemic traits and insulin resistance.	Fasting blood glucose	"Up to 58,074 European ancestry individuals"	"Up tp 38,422 European ancestry individuals"	2p23.3	2	27741237	GCKR	GCKR			2646			rs780094-T	rs780094	0	780094	intron_variant	0	0.3995	3.00E-24	23.52287875		0.0318	[0.026-0.038] unit decrease	"Affymetrix, Illumina [~ 2400000] (imputed)"	N	fasting blood glucose measurement	http://www.ebi.ac.uk/efo/EFO_0004465	GCST005186	Genome-wide genotyping array
15.08.12	22581228	Manning AK	13.05.12	Nat Genet	www.ncbi.nlm.nih.gov/pubmed/22581228	A genome-wide approach accounting for body mass index identifies genetic variants influencing fasting glycemic traits and insulin resistance.	Fasting blood glucose (BMI interaction)	"Up to 58,074 European ancestry individuals"	"Up tp 38,422 European ancestry individuals"	2p23.3	2	27741237	GCKR	GCKR			2646			rs780094-T	rs780094	0	780094	intron_variant	0	0.4008	4.00E-24	23.39794001		0.001	[-0.00034-0.00234] unit decrease	"Affymetrix, Illumina [~ 2400000] (imputed)"	N	"body mass index, fasting blood glucose measurement"	"http://www.ebi.ac.uk/efo/EFO_0004340, http://www.ebi.ac.uk/efo/EFO_0004465"	GCST001527	Genome-wide genotyping array
28.02.10	20081858	Dupuis J	17.01.10	Nat Genet	www.ncbi.nlm.nih.gov/pubmed/20081858	New genetic loci implicated in fasting glucose homeostasis and their impact on type 2 diabetes risk.	Fasting blood glucose	"46,186 European ancestry individuals"	"76,558 European ancestry individuals"	2p23.3	2	27741237	GCKR	GCKR			2646			rs780094-C	rs780094	0	780094	intron_variant	0	0.62	6.00E-38	37.22184875		0.029	[0.023-0.035] mmol/L increase (replication)	"Affymetrix, Illumina [~ 2500000] (imputed)"	N	fasting blood glucose measurement	http://www.ebi.ac.uk/efo/EFO_0004465	GCST000568	Genome-wide genotyping array
25.01.18	22581228	Manning AK	13.05.12	Nat Genet	www.ncbi.nlm.nih.gov/pubmed/22581228	A genome-wide approach accounting for body mass index identifies genetic variants influencing fasting glycemic traits and insulin resistance.	Fasting blood glucose	"Up to 58,074 European ancestry individuals"	"Up tp 38,422 European ancestry individuals"	2p23.2	2	27995781	MRPL33	MRPL33			9553			rs3736594-A	rs3736594	0	3736594	intron_variant	0	0.2727	2.00E-16	15.69897		0.0222	[0.017-0.027] unit increase	"Affymetrix, Illumina [~ 2400000] (imputed)"	N	fasting blood glucose measurement	http://www.ebi.ac.uk/efo/EFO_0004465	GCST005186	Genome-wide genotyping array
15.08.12	22581228	Manning AK	13.05.12	Nat Genet	www.ncbi.nlm.nih.gov/pubmed/22581228	A genome-wide approach accounting for body mass index identifies genetic variants influencing fasting glycemic traits and insulin resistance.	Fasting blood glucose (BMI interaction)	"Up to 58,074 European ancestry individuals"	"Up tp 38,422 European ancestry individuals"	2p23.2	2	27995781	MRPL33	MRPL33			9553			rs3736594-A	rs3736594	0	3736594	intron_variant	0	0.2685	1.00E-15	15		9.18E-04	[-0.00028-0.00212] unit increase	"Affymetrix, Illumina [~ 2400000] (imputed)"	N	"body mass index, fasting blood glucose measurement"	"http://www.ebi.ac.uk/efo/EFO_0004340, http://www.ebi.ac.uk/efo/EFO_0004465"	GCST001527	Genome-wide genotyping array
19.06.12	22508271	Rasmussen-Torvik LJ	16.04.12	Genet Epidemiol	www.ncbi.nlm.nih.gov/pubmed/22508271	Fasting glucose GWAS candidate region analysis across ethnic groups in the Multiethnic Study of Atherosclerosis (MESA).	Fasting plasma glucose	"2,349 European ancestry individuals, 664 Chinese ancestry individuals, 1,366 African American individuals, 1,171 Hispanic individuals"	NA	2q31.1	2	169763148	G6PC2	G6PC2			57818			rs560887-T	rs560887	0	560887	intron_variant	0	0.2	2.00E-06	5.698970004	(fasting glucose)	1.29	[0.84-1.74] mg/dL decrease	Affymetrix [NR] (imputed)	N	fasting blood glucose measurement	http://www.ebi.ac.uk/efo/EFO_0004465	GCST001486	Genome-wide genotyping array
27.06.08	18451265	Bouatia-Naji N	19.06.08	Science	www.ncbi.nlm.nih.gov/pubmed/18451265	A polymorphism within the G6PC2 gene is associated with fasting plasma glucose levels.	Fasting plasma glucose	654 European ancestry individuals	"9,353 European ancestry individuals"	2q31.1	2	169763148	G6PC2	G6PC2			57818			rs560887-A	rs560887	0	560887	intron_variant	0	0.3	4.00E-23	22.39794001		0.06	[0.05-0.08] mmol/l decrease	Illumina [392935]	N	fasting blood glucose measurement	http://www.ebi.ac.uk/efo/EFO_0004465	GCST000205	Genome-wide genotyping array
21.06.17	28270201	Nagy R	07.03.17	Genome Med	www.ncbi.nlm.nih.gov/pubmed/28270201	"Exploration of haplotype research consortium imputation for genome-wide association studies in 20,032 Generation Scotland participants."	Fasting plasma glucose	"15,226 British ancestry non-diabetics individuals from 6863 families, 948 British ancestry diabetic individuals from 6863 families."	NA	2q31.1	2	169763148	G6PC2	G6PC2			57818			rs560887-C	rs560887	0	560887	intron_variant	0	0.2907	6.00E-68	67.22184875		0.22435525	[0.2-0.25] mmol/L increase	Illumina [24111857] (imputed)	N	fasting blood glucose measurement	http://www.ebi.ac.uk/efo/EFO_0004465	GCST004206	Genome-wide genotyping array
21.06.17	28270201	Nagy R	07.03.17	Genome Med	www.ncbi.nlm.nih.gov/pubmed/28270201	"Exploration of haplotype research consortium imputation for genome-wide association studies in 20,032 Generation Scotland participants."	Fasting plasma glucose	"15,226 British ancestry non-diabetics individuals from 6863 families, 948 British ancestry diabetic individuals from 6863 families."	NA	2q31.1	2	169763148	G6PC2	G6PC2			57818			rs560887-C	rs560887	0	560887	intron_variant	0	0.2907	2.00E-75	74.69897	(Non diabetics)	0.24374136	[0.22-0.27] mmol/L increase	Illumina [24111857] (imputed)	N	fasting blood glucose measurement	http://www.ebi.ac.uk/efo/EFO_0004465	GCST004206	Genome-wide genotyping array
01.03.14	23903356	Hayes MG	31.07.13	Diabetes	www.ncbi.nlm.nih.gov/pubmed/23903356	Identification of HKDC1 and BACE2 as genes influencing glycemic traits during pregnancy through genome-wide association studies.	Glycemic traits (pregnancy)	"1,367 European ancestry individuals, 817 Hispanic individuals, 1,075 Afro-Caribbean individuals, 1,178 Thai ancestry individuals"	"2,798 European ancestry individuals, 228 French Canadian founder population individuals"	2q31.1	2	169763148	G6PC2	G6PC2			57818			rs560887-T	rs560887	0	560887	intron_variant	0	0.291	2.00E-16	15.69897	(FPG)	0.0061	[NR] unit decrease	Illumina [up to 945994] (imputed)	N	fasting blood glucose measurement	http://www.ebi.ac.uk/efo/EFO_0004465	GCST002110	Genome-wide genotyping array
25.01.18	22581228	Manning AK	13.05.12	Nat Genet	www.ncbi.nlm.nih.gov/pubmed/22581228	A genome-wide approach accounting for body mass index identifies genetic variants influencing fasting glycemic traits and insulin resistance.	Fasting blood glucose	"Up to 58,074 European ancestry individuals"	"Up tp 38,422 European ancestry individuals"	2q31.1	2	169763148	G6PC2	G6PC2			57818			rs560887-T	rs560887	0	560887	intron_variant	0	0.2987	3.00E-99	98.52287875		0.0715	[0.065-0.078] unit decrease	"Affymetrix, Illumina [~ 2400000] (imputed)"	N	fasting blood glucose measurement	http://www.ebi.ac.uk/efo/EFO_0004465	GCST005186	Genome-wide genotyping array
15.08.12	22581228	Manning AK	13.05.12	Nat Genet	www.ncbi.nlm.nih.gov/pubmed/22581228	A genome-wide approach accounting for body mass index identifies genetic variants influencing fasting glycemic traits and insulin resistance.	Fasting blood glucose (BMI interaction)	"Up to 58,074 European ancestry individuals"	"Up tp 38,422 European ancestry individuals"	2q31.1	2	169763148	G6PC2	G6PC2			57818			rs560887-T	rs560887	0	560887	intron_variant	0	0.2965	2.00E-113	112.69897		1.00E-04	[-0.00131-0.00151] unit increase	"Affymetrix, Illumina [~ 2400000] (imputed)"	N	"body mass index, fasting blood glucose measurement"	"http://www.ebi.ac.uk/efo/EFO_0004340, http://www.ebi.ac.uk/efo/EFO_0004465"	GCST001527	Genome-wide genotyping array
28.02.10	20081858	Dupuis J	17.01.10	Nat Genet	www.ncbi.nlm.nih.gov/pubmed/20081858	New genetic loci implicated in fasting glucose homeostasis and their impact on type 2 diabetes risk.	Fasting blood glucose	"46,186 European ancestry individuals"	"76,558 European ancestry individuals"	2q31.1	2	169763148	G6PC2	G6PC2			57818			rs560887-C	rs560887	0	560887	intron_variant	0	0.7	9.00E-218	217.0457575		0.075	[0.069-0.081] mmol/L increase (replication)	"Affymetrix, Illumina [~ 2500000] (imputed)"	N	fasting blood glucose measurement	http://www.ebi.ac.uk/efo/EFO_0004465	GCST000568	Genome-wide genotyping array
01.07.08	18521185	Chen WM	04.06.08	J Clin Invest	www.ncbi.nlm.nih.gov/pubmed/18521185	Variations in the G6PC2/ABCB11 genomic region are associated with fasting glucose levels.	Fasting plasma glucose	"5,088 European ancestry individuals"	"18,436 European ancestry individuals"	2q31.1	2	169774071	"G6PC2, ABCB11"	ABCB11			8647			rs563694-C	rs563694	0	563694	intergenic_variant	0	0.34	4.00E-07	6.397940009				Illumina [315635]	N	fasting blood glucose measurement	http://www.ebi.ac.uk/efo/EFO_0004465	GCST000202	Genome-wide genotyping array
16.10.18	29743933	Wu B	18.03.18	Comput Math Methods Med	www.ncbi.nlm.nih.gov/pubmed/29743933	Fast and Accurate Genome-Wide Association Test of Multiple Quantitative Traits.	Glycemic traits (multi-trait analysis)	"5,947 European ancestry individuals"	NA	2q31.1	2	169801488	NR	ABCB11			8647			rs853789-?	rs853789	0	853789	intron_variant	0	NR	1.00E-14	14				NR [~ 2500000] (imputed)	N	"fasting blood glucose measurement, glucose tolerance test, fasting blood insulin measurement"	"http://www.ebi.ac.uk/efo/EFO_0004465, http://www.ebi.ac.uk/efo/EFO_0004307, http://www.ebi.ac.uk/efo/EFO_0004466"	GCST006404	Genome-wide genotyping array
10.09.08	17903298	Meigs JB	19.09.07	BMC Med Genet	www.ncbi.nlm.nih.gov/pubmed/17903298	Genome-wide association with diabetes-related traits in the Framingham Heart Study.	Fasting plasma glucose	"1,027 individuals"	NA	3p24.1	3	30346968	intergenic	RBMS3 - LOC101927995	27303	101927995		295082	43855	rs10510634-?	rs10510634	0	10510634	intergenic_variant	1	NR	5.00E-06	5.301029996	(tFPG)			Affymetrix [70897]	N	fasting blood glucose measurement	http://www.ebi.ac.uk/efo/EFO_0004465	GCST000085	Genome-wide genotyping array
25.01.18	22581228	Manning AK	13.05.12	Nat Genet	www.ncbi.nlm.nih.gov/pubmed/22581228	A genome-wide approach accounting for body mass index identifies genetic variants influencing fasting glycemic traits and insulin resistance.	Fasting blood glucose	"Up to 58,074 European ancestry individuals"	"Up tp 38,422 European ancestry individuals"	3q21.1	3	123065778	ADCY5	ADCY5			111			rs11708067-A	rs11708067	0	11708067	intron_variant	0	0.7884	7.00E-09	8.15490196		0.0223	[0.015-0.03] unit increase	"Affymetrix, Illumina [~ 2400000] (imputed)"	N	fasting blood glucose measurement	http://www.ebi.ac.uk/efo/EFO_0004465	GCST005186	Genome-wide genotyping array
15.08.12	22581228	Manning AK	13.05.12	Nat Genet	www.ncbi.nlm.nih.gov/pubmed/22581228	A genome-wide approach accounting for body mass index identifies genetic variants influencing fasting glycemic traits and insulin resistance.	Fasting blood glucose (BMI interaction)	"Up to 58,074 European ancestry individuals"	"Up tp 38,422 European ancestry individuals"	3q21.1	3	123065778	ADCY5	ADCY5			111			rs11708067-A	rs11708067	0	11708067	intron_variant	0	0.7879	4.00E-10	9.397940009		2.00E-04	[-0.00142-0.00182] unit increase	"Affymetrix, Illumina [~ 2400000] (imputed)"	N	"body mass index, fasting blood glucose measurement"	"http://www.ebi.ac.uk/efo/EFO_0004340, http://www.ebi.ac.uk/efo/EFO_0004465"	GCST001527	Genome-wide genotyping array
28.02.10	20081858	Dupuis J	17.01.10	Nat Genet	www.ncbi.nlm.nih.gov/pubmed/20081858	New genetic loci implicated in fasting glucose homeostasis and their impact on type 2 diabetes risk.	Fasting blood glucose	"46,186 European ancestry individuals"	"76,558 European ancestry individuals"	3q21.1	3	123065778	ADCY5	ADCY5			111			rs11708067-A	rs11708067	0	11708067	intron_variant	0	0.78	7.00E-22	21.15490196		0.027	[0.021-0.033] mmol/L increase (replication)	"Affymetrix, Illumina [~ 2500000] (imputed)"	N	fasting blood glucose measurement	http://www.ebi.ac.uk/efo/EFO_0004465	GCST000568	Genome-wide genotyping array
25.01.18	22581228	Manning AK	13.05.12	Nat Genet	www.ncbi.nlm.nih.gov/pubmed/22581228	A genome-wide approach accounting for body mass index identifies genetic variants influencing fasting glycemic traits and insulin resistance.	Fasting blood glucose	"Up to 58,074 European ancestry individuals"	"Up tp 38,422 European ancestry individuals"	3q21.1	3	123094451	ADCY5	ADCY5			111			rs2877716-T	rs2877716	0	2877716	intron_variant	0	0.232	4.00E-06	5.397940009		0.0171	[0.0098-0.0244] unit decrease	"Affymetrix, Illumina [~ 2400000] (imputed)"	N	fasting blood glucose measurement	http://www.ebi.ac.uk/efo/EFO_0004465	GCST005186	Genome-wide genotyping array
15.08.12	22581228	Manning AK	13.05.12	Nat Genet	www.ncbi.nlm.nih.gov/pubmed/22581228	A genome-wide approach accounting for body mass index identifies genetic variants influencing fasting glycemic traits and insulin resistance.	Fasting blood glucose (BMI interaction)	"Up to 58,074 European ancestry individuals"	"Up tp 38,422 European ancestry individuals"	3q21.1	3	123094451	ADCY5	ADCY5			111			rs2877716-T	rs2877716	0	2877716	intron_variant	0	0.2329	1.00E-07	7		2.00E-04	[-0.00132-0.00172] unit decrease	"Affymetrix, Illumina [~ 2400000] (imputed)"	N	"body mass index, fasting blood glucose measurement"	"http://www.ebi.ac.uk/efo/EFO_0004340, http://www.ebi.ac.uk/efo/EFO_0004465"	GCST001527	Genome-wide genotyping array
25.01.18	22581228	Manning AK	13.05.12	Nat Genet	www.ncbi.nlm.nih.gov/pubmed/22581228	A genome-wide approach accounting for body mass index identifies genetic variants influencing fasting glycemic traits and insulin resistance.	Fasting blood glucose	"Up to 58,074 European ancestry individuals"	"Up tp 38,422 European ancestry individuals"	3q26.2	3	170717521	SLC2A2	SLC2A2			6514			rs11920090-A	rs11920090	0	11920090	intron_variant	0	0.1366	2.00E-09	8.698970004		0.0267	[0.018-0.035] unit decrease	"Affymetrix, Illumina [~ 2400000] (imputed)"	N	fasting blood glucose measurement	http://www.ebi.ac.uk/efo/EFO_0004465	GCST005186	Genome-wide genotyping array
15.08.12	22581228	Manning AK	13.05.12	Nat Genet	www.ncbi.nlm.nih.gov/pubmed/22581228	A genome-wide approach accounting for body mass index identifies genetic variants influencing fasting glycemic traits and insulin resistance.	Fasting blood glucose (BMI interaction)	"Up to 58,074 European ancestry individuals"	"Up tp 38,422 European ancestry individuals"	3q26.2	3	170717521	SLC2A2	SLC2A2			6514			rs11920090-A	rs11920090	0	11920090	intron_variant	0	0.1352	8.00E-11	10.09691001		8.00E-04	[-0.00106-0.00266] unit decrease	"Affymetrix, Illumina [~ 2400000] (imputed)"	N	"body mass index, fasting blood glucose measurement"	"http://www.ebi.ac.uk/efo/EFO_0004340, http://www.ebi.ac.uk/efo/EFO_0004465"	GCST001527	Genome-wide genotyping array
28.02.10	20081858	Dupuis J	17.01.10	Nat Genet	www.ncbi.nlm.nih.gov/pubmed/20081858	New genetic loci implicated in fasting glucose homeostasis and their impact on type 2 diabetes risk.	Fasting blood glucose	"46,186 European ancestry individuals"	"76,558 European ancestry individuals"	3q26.2	3	170717521	SLC2A2	SLC2A2			6514			rs11920090-T	rs11920090	0	11920090	intron_variant	0	0.87	8.00E-13	12.09691001		0.02	[0.012-0.028] mmol/L increase (replication)	"Affymetrix, Illumina [~ 2500000] (imputed)"	N	fasting blood glucose measurement	http://www.ebi.ac.uk/efo/EFO_0004465	GCST000568	Genome-wide genotyping array
21.06.17	28270201	Nagy R	07.03.17	Genome Med	www.ncbi.nlm.nih.gov/pubmed/28270201	"Exploration of haplotype research consortium imputation for genome-wide association studies in 20,032 Generation Scotland participants."	Fasting plasma glucose	"15,226 British ancestry non-diabetics individuals from 6863 families, 948 British ancestry diabetic individuals from 6863 families."	NA	3q26.2	3	170724883	SLC2A2	SLC2A2			6514			rs8192675-C	rs8192675	0	8192675	intron_variant	0	0.2839	8.00E-11	10.09691001	(Non diabetics)	0.087149106	[0.061-0.113] mmol/L decrease	Illumina [24111857] (imputed)	N	fasting blood glucose measurement	http://www.ebi.ac.uk/efo/EFO_0004465	GCST004206	Genome-wide genotyping array
21.06.17	28270201	Nagy R	07.03.17	Genome Med	www.ncbi.nlm.nih.gov/pubmed/28270201	"Exploration of haplotype research consortium imputation for genome-wide association studies in 20,032 Generation Scotland participants."	Fasting plasma glucose	"15,226 British ancestry non-diabetics individuals from 6863 families, 948 British ancestry diabetic individuals from 6863 families."	NA	3q26.2	3	170733076	SLC2A2	SLC2A2			6514			rs9873618-A	rs9873618	0	9873618	intron_variant	0	0.2871	1.00E-11	11		0.08893525	[0.063-0.115] mmol/L decrease	Illumina [24111857] (imputed)	N	fasting blood glucose measurement	http://www.ebi.ac.uk/efo/EFO_0004465	GCST004206	Genome-wide genotyping array
15.08.12	22581228	Manning AK	13.05.12	Nat Genet	www.ncbi.nlm.nih.gov/pubmed/22581228	A genome-wide approach accounting for body mass index identifies genetic variants influencing fasting glycemic traits and insulin resistance.	Fasting blood glucose (BMI interaction)	"Up to 58,074 European ancestry individuals"	"Up tp 38,422 European ancestry individuals"	3q27.2	3	185529080	IGF2BP2	IGF2BP2			10644			rs1470579-A	rs1470579	0	1470579	intron_variant	0	0.6892	6.00E-07	6.22184875		0.0021	[0.00071-0.00349] unit decrease	"Affymetrix, Illumina [~ 2400000] (imputed)"	N	"body mass index, fasting blood glucose measurement"	"http://www.ebi.ac.uk/efo/EFO_0004340, http://www.ebi.ac.uk/efo/EFO_0004465"	GCST001527	Genome-wide genotyping array
10.09.08	17903298	Meigs JB	19.09.07	BMC Med Genet	www.ncbi.nlm.nih.gov/pubmed/17903298	Genome-wide association with diabetes-related traits in the Framingham Heart Study.	Fasting plasma glucose	"1,027 individuals"	NA	4q27	4	121801790	PRDM5	PRDM5			11107			rs180730-?	rs180730	0	180730	intron_variant	0	NR	5.00E-06	5.301029996	(FPG)			Affymetrix [70897]	N	fasting blood glucose measurement	http://www.ebi.ac.uk/efo/EFO_0004465	GCST000085	Genome-wide genotyping array
10.09.08	17903298	Meigs JB	19.09.07	BMC Med Genet	www.ncbi.nlm.nih.gov/pubmed/17903298	Genome-wide association with diabetes-related traits in the Framingham Heart Study.	Fasting plasma glucose	"1,027 individuals"	NA	4q27	4	121801790	PRDM5	PRDM5			11107			rs180730-?	rs180730	0	180730	intron_variant	0	NR	6.00E-06	5.22184875	(tFPG)			Affymetrix [70897]	N	fasting blood glucose measurement	http://www.ebi.ac.uk/efo/EFO_0004465	GCST000085	Genome-wide genotyping array
25.01.18	22581228	Manning AK	13.05.12	Nat Genet	www.ncbi.nlm.nih.gov/pubmed/22581228	A genome-wide approach accounting for body mass index identifies genetic variants influencing fasting glycemic traits and insulin resistance.	Fasting blood glucose	"Up to 58,074 European ancestry individuals"	"Up tp 38,422 European ancestry individuals"	5q15	5	95542726	PCSK1	"LOC107984114, LOC101929710"			"107984114, 101929710"			rs13179048-A	rs13179048	0	13179048	intron_variant	0	0.3123	2.00E-09	8.698970004		0.02	[0.014-0.026] unit decrease	"Affymetrix, Illumina [~ 2400000] (imputed)"	N	fasting blood glucose measurement	http://www.ebi.ac.uk/efo/EFO_0004465	GCST005186	Genome-wide genotyping array
15.08.12	22581228	Manning AK	13.05.12	Nat Genet	www.ncbi.nlm.nih.gov/pubmed/22581228	A genome-wide approach accounting for body mass index identifies genetic variants influencing fasting glycemic traits and insulin resistance.	Fasting blood glucose (BMI interaction)	"Up to 58,074 European ancestry individuals"	"Up tp 38,422 European ancestry individuals"	5q15	5	95542726	PCSK1	"LOC107984114, LOC101929710"			"107984114, 101929710"			rs13179048-A	rs13179048	0	13179048	intron_variant	0	0.312	2.00E-10	9.698970004		8.05E-04	[-0.00053-0.00214] unit increase	"Affymetrix, Illumina [~ 2400000] (imputed)"	N	"body mass index, fasting blood glucose measurement"	"http://www.ebi.ac.uk/efo/EFO_0004340, http://www.ebi.ac.uk/efo/EFO_0004465"	GCST001527	Genome-wide genotyping array
01.03.14	23903356	Hayes MG	31.07.13	Diabetes	www.ncbi.nlm.nih.gov/pubmed/23903356	Identification of HKDC1 and BACE2 as genes influencing glycemic traits during pregnancy through genome-wide association studies.	Glycemic traits (pregnancy)	"1,367 European ancestry individuals, 817 Hispanic individuals, 1,075 Afro-Caribbean individuals, 1,178 Thai ancestry individuals"	"2,798 European ancestry individuals, 228 French Canadian founder population individuals"	5q15	5	95728898	PCSK1	"LOC101929710, PCSK1"			"101929710, 5122"			rs6235-G	rs6235	0	6235	missense_variant	0	0.272	5.00E-15	14.30103	(FPG)	0.0056	[NR] unit decrease	Illumina [up to 945994] (imputed)	N	fasting blood glucose measurement	http://www.ebi.ac.uk/efo/EFO_0004465	GCST002110	Genome-wide genotyping array
10.09.08	17903298	Meigs JB	19.09.07	BMC Med Genet	www.ncbi.nlm.nih.gov/pubmed/17903298	Genome-wide association with diabetes-related traits in the Framingham Heart Study.	Fasting plasma glucose	"1,027 individuals"	NA	5q23.3	5	129943319	intergenic	ARL2BPP4 - LOC107986449	100130265	107986449		77532	190904	rs7731657-?	rs7731657	0	7731657	intergenic_variant	1	NR	7.00E-06	5.15490196	(tFPG)			Affymetrix [70897]	N	fasting blood glucose measurement	http://www.ebi.ac.uk/efo/EFO_0004465	GCST000085	Genome-wide genotyping array
25.01.18	22581228	Manning AK	13.05.12	Nat Genet	www.ncbi.nlm.nih.gov/pubmed/22581228	A genome-wide approach accounting for body mass index identifies genetic variants influencing fasting glycemic traits and insulin resistance.	Fasting blood glucose	"Up to 58,074 European ancestry individuals"	"Up tp 38,422 European ancestry individuals"	6p24.3	6	7240577	RREB1	RREB1			6239			rs2714337-A	rs2714337	0	2714337	intron_variant	0	0.631	1.00E-06	6		0.0122	[0.0071-0.0173] unit decrease	"Affymetrix, Illumina [~ 2400000] (imputed)"	N	fasting blood glucose measurement	http://www.ebi.ac.uk/efo/EFO_0004465	GCST005186	Genome-wide genotyping array
15.08.12	22581228	Manning AK	13.05.12	Nat Genet	www.ncbi.nlm.nih.gov/pubmed/22581228	A genome-wide approach accounting for body mass index identifies genetic variants influencing fasting glycemic traits and insulin resistance.	Fasting blood glucose (BMI interaction)	"Up to 58,074 European ancestry individuals"	"Up tp 38,422 European ancestry individuals"	6p24.3	6	7240577	RREB1	RREB1			6239			rs2714337-A	rs2714337	0	2714337	intron_variant	0	0.6326	3.00E-07	6.522878745		2.68E-04	[-0.00087-0.00141] unit decrease	"Affymetrix, Illumina [~ 2400000] (imputed)"	N	"body mass index, fasting blood glucose measurement"	"http://www.ebi.ac.uk/efo/EFO_0004340, http://www.ebi.ac.uk/efo/EFO_0004465"	GCST001527	Genome-wide genotyping array
25.01.18	22581228	Manning AK	13.05.12	Nat Genet	www.ncbi.nlm.nih.gov/pubmed/22581228	A genome-wide approach accounting for body mass index identifies genetic variants influencing fasting glycemic traits and insulin resistance.	Fasting blood glucose	"Up to 58,074 European ancestry individuals"	"Up tp 38,422 European ancestry individuals"	7p21.2	7	15064309	DGKB	GTF3AP5 - AGMO	100128217	392636		38559	92539	rs2191349-T	rs2191349	0	2191349	intergenic_variant	1	0.526	2.00E-20	19.69897		0.0284	[0.022-0.034] unit increase	"Affymetrix, Illumina [~ 2400000] (imputed)"	N	fasting blood glucose measurement	http://www.ebi.ac.uk/efo/EFO_0004465	GCST005186	Genome-wide genotyping array
15.08.12	22581228	Manning AK	13.05.12	Nat Genet	www.ncbi.nlm.nih.gov/pubmed/22581228	A genome-wide approach accounting for body mass index identifies genetic variants influencing fasting glycemic traits and insulin resistance.	Fasting blood glucose (BMI interaction)	"Up to 58,074 European ancestry individuals"	"Up tp 38,422 European ancestry individuals"	7p21.2	7	15064309	DGKB	GTF3AP5 - AGMO	100128217	392636		38559	92539	rs2191349-T	rs2191349	0	2191349	intergenic_variant	1	0.5315	3.00E-21	20.52287875		2.00E-04	[-0.00111-0.00151] unit increase	"Affymetrix, Illumina [~ 2400000] (imputed)"	N	"body mass index, fasting blood glucose measurement"	"http://www.ebi.ac.uk/efo/EFO_0004340, http://www.ebi.ac.uk/efo/EFO_0004465"	GCST001527	Genome-wide genotyping array
28.02.10	20081858	Dupuis J	17.01.10	Nat Genet	www.ncbi.nlm.nih.gov/pubmed/20081858	New genetic loci implicated in fasting glucose homeostasis and their impact on type 2 diabetes risk.	Fasting blood glucose	"46,186 European ancestry individuals"	"76,558 European ancestry individuals"	7p21.2	7	15064309	"TMEM195, DGKB"	GTF3AP5 - AGMO	100128217	392636		38559	92539	rs2191349-T	rs2191349	0	2191349	intergenic_variant	1	0.52	3.00E-44	43.52287875		0.03	[0.024-0.036] mmol/L increase (replication)	"Affymetrix, Illumina [~ 2500000] (imputed)"	N	fasting blood glucose measurement	http://www.ebi.ac.uk/efo/EFO_0004465	GCST000568	Genome-wide genotyping array
19.06.12	22508271	Rasmussen-Torvik LJ	16.04.12	Genet Epidemiol	www.ncbi.nlm.nih.gov/pubmed/22508271	Fasting glucose GWAS candidate region analysis across ethnic groups in the Multiethnic Study of Atherosclerosis (MESA).	Fasting plasma glucose	"2,349 European ancestry individuals, 664 Chinese ancestry individuals, 1,366 African American individuals, 1,171 Hispanic individuals"	NA	7p13	7	44235668	GCKR	GCK - YKT6	2645	10652		6630	4899	rs4607517-G	rs4607517	0	4607517	intron_variant	1	0.19	1.00E-07	7	(fasting gluocse)	1.15	[0.72-1.58] mg/dL decrease	Affymetrix [NR] (imputed)	N	fasting blood glucose measurement	http://www.ebi.ac.uk/efo/EFO_0004465	GCST001486	Genome-wide genotyping array
25.01.18	22581228	Manning AK	13.05.12	Nat Genet	www.ncbi.nlm.nih.gov/pubmed/22581228	A genome-wide approach accounting for body mass index identifies genetic variants influencing fasting glycemic traits and insulin resistance.	Fasting blood glucose	"Up to 58,074 European ancestry individuals"	"Up tp 38,422 European ancestry individuals"	7p13	7	44235668	GCK	GCK - YKT6	2645	10652		6630	4899	rs4607517-A	rs4607517	0	4607517	intron_variant	1	0.1665	6.00E-52	51.22184875		0.0641	[0.056-0.072] unit increase	"Affymetrix, Illumina [~ 2400000] (imputed)"	N	fasting blood glucose measurement	http://www.ebi.ac.uk/efo/EFO_0004465	GCST005186	Genome-wide genotyping array
15.08.12	22581228	Manning AK	13.05.12	Nat Genet	www.ncbi.nlm.nih.gov/pubmed/22581228	A genome-wide approach accounting for body mass index identifies genetic variants influencing fasting glycemic traits and insulin resistance.	Fasting blood glucose (BMI interaction)	"Up to 58,074 European ancestry individuals"	"Up tp 38,422 European ancestry individuals"	7p13	7	44235668	GCK	GCK - YKT6	2645	10652		6630	4899	rs4607517-A	rs4607517	0	4607517	intron_variant	1	0.1661	8.00E-56	55.09691001		7.07E-06	[-0.0018-0.00181] unit decrease	"Affymetrix, Illumina [~ 2400000] (imputed)"	N	"body mass index, fasting blood glucose measurement"	"http://www.ebi.ac.uk/efo/EFO_0004340, http://www.ebi.ac.uk/efo/EFO_0004465"	GCST001527	Genome-wide genotyping array
28.02.10	20081858	Dupuis J	17.01.10	Nat Genet	www.ncbi.nlm.nih.gov/pubmed/20081858	New genetic loci implicated in fasting glucose homeostasis and their impact on type 2 diabetes risk.	Fasting blood glucose	"46,186 European ancestry individuals"	"76,558 European ancestry individuals"	7p13	7	44235668	GCK	GCK - YKT6	2645	10652		6630	4899	rs4607517-A	rs4607517	0	4607517	intron_variant	1	0.16	7.00E-92	91.15490196		0.062	[0.054-0.07] mmol/L increase (replication)	"Affymetrix, Illumina [~ 2500000] (imputed)"	N	fasting blood glucose measurement	http://www.ebi.ac.uk/efo/EFO_0004465	GCST000568	Genome-wide genotyping array
21.06.17	28270201	Nagy R	07.03.17	Genome Med	www.ncbi.nlm.nih.gov/pubmed/28270201	"Exploration of haplotype research consortium imputation for genome-wide association studies in 20,032 Generation Scotland participants."	Fasting plasma glucose	"15,226 British ancestry non-diabetics individuals from 6863 families, 948 British ancestry diabetic individuals from 6863 families."	NA	7p13	7	44245853	YKT6	YKT6			10652			rs917793-T	rs917793	0	917793	intron_variant	0	0.1831	3.00E-24	23.52287875		0.15565135	[0.13-0.19] mmol/L increase	Illumina [24111857] (imputed)	N	fasting blood glucose measurement	http://www.ebi.ac.uk/efo/EFO_0004465	GCST004206	Genome-wide genotyping array
21.06.17	28270201	Nagy R	07.03.17	Genome Med	www.ncbi.nlm.nih.gov/pubmed/28270201	"Exploration of haplotype research consortium imputation for genome-wide association studies in 20,032 Generation Scotland participants."	Fasting plasma glucose	"15,226 British ancestry non-diabetics individuals from 6863 families, 948 British ancestry diabetic individuals from 6863 families."	NA	7p13	7	44245853	YKT6	YKT6			10652			rs917793-T	rs917793	0	917793	intron_variant	0	0.1831	1.00E-28	28	(Non diabetics)	0.17493051	[0.14-0.21] mmol/L increase	Illumina [24111857] (imputed)	N	fasting blood glucose measurement	http://www.ebi.ac.uk/efo/EFO_0004465	GCST004206	Genome-wide genotyping array
25.01.18	22581228	Manning AK	13.05.12	Nat Genet	www.ncbi.nlm.nih.gov/pubmed/22581228	A genome-wide approach accounting for body mass index identifies genetic variants influencing fasting glycemic traits and insulin resistance.	Fasting blood glucose	"Up to 58,074 European ancestry individuals"	"Up tp 38,422 European ancestry individuals"	7p12.1	7	50751090	GRB10	GRB10			2887			rs10248619-T	rs10248619	0	10248619	intron_variant	0	0.2412	3.00E-09	8.522878745		0.0187	[0.011-0.026] unit increase	"Affymetrix, Illumina [~ 2400000] (imputed)"	N	fasting blood glucose measurement	http://www.ebi.ac.uk/efo/EFO_0004465	GCST005186	Genome-wide genotyping array
15.08.12	22581228	Manning AK	13.05.12	Nat Genet	www.ncbi.nlm.nih.gov/pubmed/22581228	A genome-wide approach accounting for body mass index identifies genetic variants influencing fasting glycemic traits and insulin resistance.	Fasting blood glucose (BMI interaction)	"Up to 58,074 European ancestry individuals"	"Up tp 38,422 European ancestry individuals"	7p12.1	7	50751090	GRB10	GRB10			2887			rs10248619-T	rs10248619	0	10248619	intron_variant	0	0.2138	8.00E-08	7.096910013		4.84E-04	[-0.00109-0.00206] unit decrease	"Affymetrix, Illumina [~ 2400000] (imputed)"	N	"body mass index, fasting blood glucose measurement"	"http://www.ebi.ac.uk/efo/EFO_0004340, http://www.ebi.ac.uk/efo/EFO_0004465"	GCST001527	Genome-wide genotyping array
01.03.14	23903356	Hayes MG	31.07.13	Diabetes	www.ncbi.nlm.nih.gov/pubmed/23903356	Identification of HKDC1 and BACE2 as genes influencing glycemic traits during pregnancy through genome-wide association studies.	Glycemic traits (pregnancy)	"1,367 European ancestry individuals, 817 Hispanic individuals, 1,075 Afro-Caribbean individuals, 1,178 Thai ancestry individuals"	"2,798 European ancestry individuals, 228 French Canadian founder population individuals"	8p23.1	8	9183596	PPP1R3B	LOC157273			157273			rs4841132-G	rs4841132	0	4841132	non_coding_transcript_exon_variant	0	0.91	3.00E-13	12.52287875	(FPG)	0.0059	[NR] unit decrease	Illumina [up to 945994] (imputed)	N	fasting blood glucose measurement	http://www.ebi.ac.uk/efo/EFO_0004465	GCST002110	Genome-wide genotyping array
25.01.18	22581228	Manning AK	13.05.12	Nat Genet	www.ncbi.nlm.nih.gov/pubmed/22581228	A genome-wide approach accounting for body mass index identifies genetic variants influencing fasting glycemic traits and insulin resistance.	Fasting blood glucose	"Up to 58,074 European ancestry individuals"	"Up tp 38,422 European ancestry individuals"	8p23.1	8	9183596	PPP1R3B	LOC157273			157273			rs4841132-A	rs4841132	0	4841132	non_coding_transcript_exon_variant	0	0.1045	1.00E-13	13		0.0312	[0.022-0.041] unit increase	"Affymetrix, Illumina [~ 2400000] (imputed)"	N	fasting blood glucose measurement	http://www.ebi.ac.uk/efo/EFO_0004465	GCST005186	Genome-wide genotyping array
15.08.12	22581228	Manning AK	13.05.12	Nat Genet	www.ncbi.nlm.nih.gov/pubmed/22581228	A genome-wide approach accounting for body mass index identifies genetic variants influencing fasting glycemic traits and insulin resistance.	Fasting blood glucose (BMI interaction)	"Up to 58,074 European ancestry individuals"	"Up tp 38,422 European ancestry individuals"	8p23.1	8	9183596	PPP1R3B	LOC157273			157273			rs4841132-A	rs4841132	0	4841132	non_coding_transcript_exon_variant	0	0.0936	8.00E-09	8.096910013		6.18E-04	[-0.00148-0.00272] unit increase	"Affymetrix, Illumina [~ 2400000] (imputed)"	N	"body mass index, fasting blood glucose measurement"	"http://www.ebi.ac.uk/efo/EFO_0004340, http://www.ebi.ac.uk/efo/EFO_0004465"	GCST001527	Genome-wide genotyping array
10.09.08	17903298	Meigs JB	19.09.07	BMC Med Genet	www.ncbi.nlm.nih.gov/pubmed/17903298	Genome-wide association with diabetes-related traits in the Framingham Heart Study.	Fasting plasma glucose	"1,027 individuals"	NA	8p11.21	8	40484239	ZMAT4	ZMAT4			79698			rs2722425-?	rs2722425	0	2722425	intron_variant	0	NR	2.00E-08	7.698970004	(tFPG)			Affymetrix [70897]	N	fasting blood glucose measurement	http://www.ebi.ac.uk/efo/EFO_0004465	GCST000085	Genome-wide genotyping array
10.09.08	17903298	Meigs JB	19.09.07	BMC Med Genet	www.ncbi.nlm.nih.gov/pubmed/17903298	Genome-wide association with diabetes-related traits in the Framingham Heart Study.	Fasting plasma glucose	"1,027 individuals"	NA	8p11.21	8	40484239	ZMAT4	ZMAT4			79698			rs2722425-?	rs2722425	0	2722425	intron_variant	0	NR	9.00E-06	5.045757491	(FPG)			Affymetrix [70897]	N	fasting blood glucose measurement	http://www.ebi.ac.uk/efo/EFO_0004465	GCST000085	Genome-wide genotyping array
21.06.17	28270201	Nagy R	07.03.17	Genome Med	www.ncbi.nlm.nih.gov/pubmed/28270201	"Exploration of haplotype research consortium imputation for genome-wide association studies in 20,032 Generation Scotland participants."	Fasting plasma glucose	"15,226 British ancestry non-diabetics individuals from 6863 families, 948 British ancestry diabetic individuals from 6863 families."	NA	8q24.11	8	118184783	SLC30A8	"LOC105375716, SLC30A8"			"105375716, 169026"			rs13266634-T	rs13266634	0	13266634	missense_variant	0	0.3153	4.00E-11	10.39794001		0.08332504	[0.059-0.108] mmol/L decrease	Illumina [24111857] (imputed)	N	fasting blood glucose measurement	http://www.ebi.ac.uk/efo/EFO_0004465	GCST004206	Genome-wide genotyping array
21.06.17	28270201	Nagy R	07.03.17	Genome Med	www.ncbi.nlm.nih.gov/pubmed/28270201	"Exploration of haplotype research consortium imputation for genome-wide association studies in 20,032 Generation Scotland participants."	Fasting plasma glucose	"15,226 British ancestry non-diabetics individuals from 6863 families, 948 British ancestry diabetic individuals from 6863 families."	NA	8q24.11	8	118185733	SLC30A8	"LOC105375716, SLC30A8"			"105375716, 169026"			rs11558471-G	rs11558471	0	11558471	3_prime_UTR_variant	0	0.3227	5.00E-13	12.30103	(Non diabetics)	0.0934751	[0.068-0.119] mmol/L decrease	Illumina [24111857] (imputed)	N	fasting blood glucose measurement	http://www.ebi.ac.uk/efo/EFO_0004465	GCST004206	Genome-wide genotyping array
25.01.18	22581228	Manning AK	13.05.12	Nat Genet	www.ncbi.nlm.nih.gov/pubmed/22581228	A genome-wide approach accounting for body mass index identifies genetic variants influencing fasting glycemic traits and insulin resistance.	Fasting blood glucose	"Up to 58,074 European ancestry individuals"	"Up tp 38,422 European ancestry individuals"	8q24.11	8	118185733	SLC30A8	"LOC105375716, SLC30A8"			"105375716, 169026"			rs11558471-A	rs11558471	0	11558471	3_prime_UTR_variant	0	0.6786	7.00E-18	17.15490196		0.0295	[0.023-0.036] unit increase	"Affymetrix, Illumina [~ 2400000] (imputed)"	N	fasting blood glucose measurement	http://www.ebi.ac.uk/efo/EFO_0004465	GCST005186	Genome-wide genotyping array
15.08.12	22581228	Manning AK	13.05.12	Nat Genet	www.ncbi.nlm.nih.gov/pubmed/22581228	A genome-wide approach accounting for body mass index identifies genetic variants influencing fasting glycemic traits and insulin resistance.	Fasting blood glucose (BMI interaction)	"Up to 58,074 European ancestry individuals"	"Up tp 38,422 European ancestry individuals"	8q24.11	8	118185733	SLC30A8	"LOC105375716, SLC30A8"			"105375716, 169026"			rs11558471-A	rs11558471	0	11558471	3_prime_UTR_variant	0	0.6874	3.00E-20	19.52287875		4.94E-06	[-0.00146-0.00147] unit increase	"Affymetrix, Illumina [~ 2400000] (imputed)"	N	"body mass index, fasting blood glucose measurement"	"http://www.ebi.ac.uk/efo/EFO_0004340, http://www.ebi.ac.uk/efo/EFO_0004465"	GCST001527	Genome-wide genotyping array
28.02.10	20081858	Dupuis J	17.01.10	Nat Genet	www.ncbi.nlm.nih.gov/pubmed/20081858	New genetic loci implicated in fasting glucose homeostasis and their impact on type 2 diabetes risk.	Fasting blood glucose	"46,186 European ancestry individuals"	"76,558 European ancestry individuals"	8q24.11	8	118185733	SLC30A8	"LOC105375716, SLC30A8"			"105375716, 169026"			rs11558471-A	rs11558471	0	11558471	3_prime_UTR_variant	0	0.31	3.00E-11	10.52287875				"Affymetrix, Illumina [~ 2500000] (imputed)"	N	fasting blood glucose measurement	http://www.ebi.ac.uk/efo/EFO_0004465	GCST000568	Genome-wide genotyping array
25.01.18	22581228	Manning AK	13.05.12	Nat Genet	www.ncbi.nlm.nih.gov/pubmed/22581228	A genome-wide approach accounting for body mass index identifies genetic variants influencing fasting glycemic traits and insulin resistance.	Fasting blood glucose	"Up to 58,074 European ancestry individuals"	"Up tp 38,422 European ancestry individuals"	9p24.2	9	4289050	GLIS3	GLIS3			169792			rs7034200-A	rs7034200	0	7034200	intron_variant	0	0.4942	2.00E-06	5.698970004		0.0148	[0.0087-0.0209] unit increase	"Affymetrix, Illumina [~ 2400000] (imputed)"	N	fasting blood glucose measurement	http://www.ebi.ac.uk/efo/EFO_0004465	GCST005186	Genome-wide genotyping array
15.08.12	22581228	Manning AK	13.05.12	Nat Genet	www.ncbi.nlm.nih.gov/pubmed/22581228	A genome-wide approach accounting for body mass index identifies genetic variants influencing fasting glycemic traits and insulin resistance.	Fasting blood glucose (BMI interaction)	"Up to 58,074 European ancestry individuals"	"Up tp 38,422 European ancestry individuals"	9p24.2	9	4289050	GLIS3	GLIS3			169792			rs7034200-A	rs7034200	0	7034200	intron_variant	0	0.4938	7.00E-07	6.15490196		8.00E-04	[-0.0005-0.0021] unit increase	"Affymetrix, Illumina [~ 2400000] (imputed)"	N	"body mass index, fasting blood glucose measurement"	"http://www.ebi.ac.uk/efo/EFO_0004340, http://www.ebi.ac.uk/efo/EFO_0004465"	GCST001527	Genome-wide genotyping array
28.02.10	20081858	Dupuis J	17.01.10	Nat Genet	www.ncbi.nlm.nih.gov/pubmed/20081858	New genetic loci implicated in fasting glucose homeostasis and their impact on type 2 diabetes risk.	Fasting blood glucose	"46,186 European ancestry individuals"	"76,558 European ancestry individuals"	9p24.2	9	4289050	GLIS3	GLIS3			169792			rs7034200-A	rs7034200	0	7034200	intron_variant	0	0.49	1.00E-12	12		0.018	[0.012-0.024] mmol/L increase (replication)	"Affymetrix, Illumina [~ 2500000] (imputed)"	N	fasting blood glucose measurement	http://www.ebi.ac.uk/efo/EFO_0004465	GCST000568	Genome-wide genotyping array
25.01.18	22581228	Manning AK	13.05.12	Nat Genet	www.ncbi.nlm.nih.gov/pubmed/22581228	A genome-wide approach accounting for body mass index identifies genetic variants influencing fasting glycemic traits and insulin resistance.	Fasting blood glucose	"Up to 58,074 European ancestry individuals"	"Up tp 38,422 European ancestry individuals"	9p21.3	9	22134094	CDKN2B	CDKN2B-AS1 - DMRTA1	100048912	63951		12998	312746	rs10811661-T	rs10811661	0	10811661	intergenic_variant	1	0.821	1.00E-06	6		0.0195	[0.012-0.027] unit increase	"Affymetrix, Illumina [~ 2400000] (imputed)"	N	fasting blood glucose measurement	http://www.ebi.ac.uk/efo/EFO_0004465	GCST005186	Genome-wide genotyping array
15.08.12	22581228	Manning AK	13.05.12	Nat Genet	www.ncbi.nlm.nih.gov/pubmed/22581228	A genome-wide approach accounting for body mass index identifies genetic variants influencing fasting glycemic traits and insulin resistance.	Fasting blood glucose (BMI interaction)	"Up to 58,074 European ancestry individuals"	"Up tp 38,422 European ancestry individuals"	9p21.3	9	22134094	CDKN2B	CDKN2B-AS1 - DMRTA1	100048912	63951		12998	312746	rs10811661-T	rs10811661	0	10811661	intergenic_variant	1	0.8215	7.00E-06	5.15490196		6.00E-04	[-0.00111-0.00231] unit increase	"Affymetrix, Illumina [~ 2400000] (imputed)"	N	"body mass index, fasting blood glucose measurement"	"http://www.ebi.ac.uk/efo/EFO_0004340, http://www.ebi.ac.uk/efo/EFO_0004465"	GCST001527	Genome-wide genotyping array
21.06.17	28270201	Nagy R	07.03.17	Genome Med	www.ncbi.nlm.nih.gov/pubmed/28270201	"Exploration of haplotype research consortium imputation for genome-wide association studies in 20,032 Generation Scotland participants."	Fasting plasma glucose	"15,226 British ancestry non-diabetics individuals from 6863 families, 948 British ancestry diabetic individuals from 6863 families."	NA	9q22.31	9	96182703	Y_RNA	RNU6-829P - LOC107987097	106479933	107987097		44790	10996	rs143399767-C	rs143399767	0	143399767	intergenic_variant	1	0.0108	1.00E-08	8	(Non diabetics)	0.36156827	[0.24-0.49] mmol/L increase	Illumina [24111857] (imputed)	N	fasting blood glucose measurement	http://www.ebi.ac.uk/efo/EFO_0004465	GCST004206	Genome-wide genotyping array
21.06.17	28270201	Nagy R	07.03.17	Genome Med	www.ncbi.nlm.nih.gov/pubmed/28270201	"Exploration of haplotype research consortium imputation for genome-wide association studies in 20,032 Generation Scotland participants."	Fasting plasma glucose	"15,226 British ancestry non-diabetics individuals from 6863 families, 948 British ancestry diabetic individuals from 6863 families."	NA	10p15.2	10	3328318	intergenic	LOC107987146 - LOC105376356	107987146	105376356		3816	19039	rs533883198-A	rs533883198	0	533883198	intergenic_variant	1	0.0027	4.00E-08	7.397940009		0.6832422	[0.44-0.93] mmol/L increase	Illumina [24111857] (imputed)	N	fasting blood glucose measurement	http://www.ebi.ac.uk/efo/EFO_0004465	GCST004206	Genome-wide genotyping array
25.01.18	22581228	Manning AK	13.05.12	Nat Genet	www.ncbi.nlm.nih.gov/pubmed/22581228	A genome-wide approach accounting for body mass index identifies genetic variants influencing fasting glycemic traits and insulin resistance.	Fasting blood glucose	"Up to 58,074 European ancestry individuals"	"Up tp 38,422 European ancestry individuals"	10q25.2	10	113042093	ADRA2A	LOC724065 - BTBD7P2	724065	100420392		176799	40443	rs10885122-T	rs10885122	0	10885122	intergenic_variant	1	0.1168	2.00E-07	6.698970004		0.0255	[0.016-0.035] unit decrease	"Affymetrix, Illumina [~ 2400000] (imputed)"	N	fasting blood glucose measurement	http://www.ebi.ac.uk/efo/EFO_0004465	GCST005186	Genome-wide genotyping array
15.08.12	22581228	Manning AK	13.05.12	Nat Genet	www.ncbi.nlm.nih.gov/pubmed/22581228	A genome-wide approach accounting for body mass index identifies genetic variants influencing fasting glycemic traits and insulin resistance.	Fasting blood glucose (BMI interaction)	"Up to 58,074 European ancestry individuals"	"Up tp 38,422 European ancestry individuals"	10q25.2	10	113042093	ADRA2A	LOC724065 - BTBD7P2	724065	100420392		176799	40443	rs10885122-T	rs10885122	0	10885122	intergenic_variant	1	0.1142	9.00E-08	7.045757491		2.00E-04	[-0.00184-0.00224] unit decrease	"Affymetrix, Illumina [~ 2400000] (imputed)"	N	"body mass index, fasting blood glucose measurement"	"http://www.ebi.ac.uk/efo/EFO_0004340, http://www.ebi.ac.uk/efo/EFO_0004465"	GCST001527	Genome-wide genotyping array
28.02.10	20081858	Dupuis J	17.01.10	Nat Genet	www.ncbi.nlm.nih.gov/pubmed/20081858	New genetic loci implicated in fasting glucose homeostasis and their impact on type 2 diabetes risk.	Fasting blood glucose	"46,186 European ancestry individuals"	"76,558 European ancestry individuals"	10q25.2	10	113042093	ADRA2A	LOC724065 - BTBD7P2	724065	100420392		176799	40443	rs10885122-G	rs10885122	0	10885122	intergenic_variant	1	0.87	3.00E-16	15.52287875		0.022	[0.014-0.03] mmol/L increase (replication)	"Affymetrix, Illumina [~ 2500000] (imputed)"	N	fasting blood glucose measurement	http://www.ebi.ac.uk/efo/EFO_0004465	GCST000568	Genome-wide genotyping array
28.02.10	20081858	Dupuis J	17.01.10	Nat Genet	www.ncbi.nlm.nih.gov/pubmed/20081858	New genetic loci implicated in fasting glucose homeostasis and their impact on type 2 diabetes risk.	Fasting blood glucose	"46,186 European ancestry individuals"	"76,558 European ancestry individuals"	10q25.2	10	114756041	TCF7L2	TCF7L2			6934			rs4506565-T	rs4506565	0	4506565	intron_variant	0	0.31	1.00E-08	8				"Affymetrix, Illumina [~ 2500000] (imputed)"	N	fasting blood glucose measurement	http://www.ebi.ac.uk/efo/EFO_0004465	GCST000568	Genome-wide genotyping array
25.01.18	22581228	Manning AK	13.05.12	Nat Genet	www.ncbi.nlm.nih.gov/pubmed/22581228	A genome-wide approach accounting for body mass index identifies genetic variants influencing fasting glycemic traits and insulin resistance.	Fasting blood glucose	"Up to 58,074 European ancestry individuals"	"Up tp 38,422 European ancestry individuals"	10q25.2	10	114758349	TCF7L2	TCF7L2			6934			rs7903146-T	rs7903146	0	7903146	intron_variant	0	0.2876	1.00E-09	9		0.0212	[0.014-0.028] unit increase	"Affymetrix, Illumina [~ 2400000] (imputed)"	N	fasting blood glucose measurement	http://www.ebi.ac.uk/efo/EFO_0004465	GCST005186	Genome-wide genotyping array
15.08.12	22581228	Manning AK	13.05.12	Nat Genet	www.ncbi.nlm.nih.gov/pubmed/22581228	A genome-wide approach accounting for body mass index identifies genetic variants influencing fasting glycemic traits and insulin resistance.	Fasting blood glucose (BMI interaction)	"Up to 58,074 European ancestry individuals"	"Up tp 38,422 European ancestry individuals"	10q25.2	10	114758349	TCF7L2	TCF7L2			6934			rs7903146-T	rs7903146	0	7903146	intron_variant	0	0.2886	2.00E-14	13.69897		0.0024	[0.00098-0.00382] unit increase	"Affymetrix, Illumina [~ 2400000] (imputed)"	N	"body mass index, fasting blood glucose measurement"	"http://www.ebi.ac.uk/efo/EFO_0004340, http://www.ebi.ac.uk/efo/EFO_0004465"	GCST001527	Genome-wide genotyping array
25.01.18	22581228	Manning AK	13.05.12	Nat Genet	www.ncbi.nlm.nih.gov/pubmed/22581228	A genome-wide approach accounting for body mass index identifies genetic variants influencing fasting glycemic traits and insulin resistance.	Fasting blood glucose	"Up to 58,074 European ancestry individuals"	"Up tp 38,422 European ancestry individuals"	10q25.2	10	114788815	TCF7L2	TCF7L2			6934			rs12243326-T	rs12243326	0	12243326	intron_variant	0	0.7307	2.00E-08	7.698970004		0.02	[0.013-0.027] unit decrease	"Affymetrix, Illumina [~ 2400000] (imputed)"	N	fasting blood glucose measurement	http://www.ebi.ac.uk/efo/EFO_0004465	GCST005186	Genome-wide genotyping array
15.08.12	22581228	Manning AK	13.05.12	Nat Genet	www.ncbi.nlm.nih.gov/pubmed/22581228	A genome-wide approach accounting for body mass index identifies genetic variants influencing fasting glycemic traits and insulin resistance.	Fasting blood glucose (BMI interaction)	"Up to 58,074 European ancestry individuals"	"Up tp 38,422 European ancestry individuals"	10q25.2	10	114788815	TCF7L2	TCF7L2			6934			rs12243326-T	rs12243326	0	12243326	intron_variant	0	0.7308	7.00E-13	12.15490196		0.0019	[0.00042-0.00338] unit decrease	"Affymetrix, Illumina [~ 2400000] (imputed)"	N	"body mass index, fasting blood glucose measurement"	"http://www.ebi.ac.uk/efo/EFO_0004340, http://www.ebi.ac.uk/efo/EFO_0004465"	GCST001527	Genome-wide genotyping array
25.01.18	22581228	Manning AK	13.05.12	Nat Genet	www.ncbi.nlm.nih.gov/pubmed/22581228	A genome-wide approach accounting for body mass index identifies genetic variants influencing fasting glycemic traits and insulin resistance.	Fasting blood glucose	"Up to 58,074 European ancestry individuals"	"Up tp 38,422 European ancestry individuals"	11p15.4	11	8243798	LMO1	LOC101927936 - LMO1	101927936	4004		41646	2053	rs11041816-A	rs11041816	0	11041816	intergenic_variant	1	0.5244	7.00E-07	6.15490196		0.0152	[0.0091-0.0213] unit increase	"Affymetrix, Illumina [~ 2400000] (imputed)"	N	fasting blood glucose measurement	http://www.ebi.ac.uk/efo/EFO_0004465	GCST005186	Genome-wide genotyping array
15.08.12	22581228	Manning AK	13.05.12	Nat Genet	www.ncbi.nlm.nih.gov/pubmed/22581228	A genome-wide approach accounting for body mass index identifies genetic variants influencing fasting glycemic traits and insulin resistance.	Fasting blood glucose (BMI interaction)	"Up to 58,074 European ancestry individuals"	"Up tp 38,422 European ancestry individuals"	11p15.4	11	8243798	LMO1	LOC101927936 - LMO1	101927936	4004		41646	2053	rs11041816-A	rs11041816	0	11041816	intergenic_variant	1	0.5212	2.00E-07	6.698970004		3.29E-04	[-0.00099-0.00165] unit increase	"Affymetrix, Illumina [~ 2400000] (imputed)"	N	"body mass index, fasting blood glucose measurement"	"http://www.ebi.ac.uk/efo/EFO_0004340, http://www.ebi.ac.uk/efo/EFO_0004465"	GCST001527	Genome-wide genotyping array
25.01.18	22581228	Manning AK	13.05.12	Nat Genet	www.ncbi.nlm.nih.gov/pubmed/22581228	A genome-wide approach accounting for body mass index identifies genetic variants influencing fasting glycemic traits and insulin resistance.	Fasting blood glucose	"Up to 58,074 European ancestry individuals"	"Up tp 38,422 European ancestry individuals"	11p11.2	11	45873091	CRY2	CRY2			1408			rs11605924-A	rs11605924	0	11605924	intron_variant	0	0.489	3.00E-13	12.52287875		0.0223	[0.016-0.028] unit increase	"Affymetrix, Illumina [~ 2400000] (imputed)"	N	fasting blood glucose measurement	http://www.ebi.ac.uk/efo/EFO_0004465	GCST005186	Genome-wide genotyping array
15.08.12	22581228	Manning AK	13.05.12	Nat Genet	www.ncbi.nlm.nih.gov/pubmed/22581228	A genome-wide approach accounting for body mass index identifies genetic variants influencing fasting glycemic traits and insulin resistance.	Fasting blood glucose (BMI interaction)	"Up to 58,074 European ancestry individuals"	"Up tp 38,422 European ancestry individuals"	11p11.2	11	45873091	CRY2	CRY2			1408			rs11605924-A	rs11605924	0	11605924	intron_variant	0	0.4858	4.00E-15	14.39794001		3.00E-04	[-0.00102-0.00162] unit decrease	"Affymetrix, Illumina [~ 2400000] (imputed)"	N	"body mass index, fasting blood glucose measurement"	"http://www.ebi.ac.uk/efo/EFO_0004340, http://www.ebi.ac.uk/efo/EFO_0004465"	GCST001527	Genome-wide genotyping array
28.02.10	20081858	Dupuis J	17.01.10	Nat Genet	www.ncbi.nlm.nih.gov/pubmed/20081858	New genetic loci implicated in fasting glucose homeostasis and their impact on type 2 diabetes risk.	Fasting blood glucose	"46,186 European ancestry individuals"	"76,558 European ancestry individuals"	11p11.2	11	45873091	CRY2	CRY2			1408			rs11605924-A	rs11605924	0	11605924	intron_variant	0	0.49	1.00E-14	14		0.015	[0.0091-0.0209] mmol/L increase (replication)	"Affymetrix, Illumina [~ 2500000] (imputed)"	N	fasting blood glucose measurement	http://www.ebi.ac.uk/efo/EFO_0004465	GCST000568	Genome-wide genotyping array
25.01.18	22581228	Manning AK	13.05.12	Nat Genet	www.ncbi.nlm.nih.gov/pubmed/22581228	A genome-wide approach accounting for body mass index identifies genetic variants influencing fasting glycemic traits and insulin resistance.	Fasting blood glucose	"Up to 58,074 European ancestry individuals"	"Up tp 38,422 European ancestry individuals"	11p11.2	11	46300722	CREB3L1	CREB3L1			90993			rs12280680-A	rs12280680	0	12280680	intron_variant	0	0.5441	2.00E-07	6.698970004		0.0131	[0.0082-0.018] unit decrease	"Affymetrix, Illumina [~ 2400000] (imputed)"	N	fasting blood glucose measurement	http://www.ebi.ac.uk/efo/EFO_0004465	GCST005186	Genome-wide genotyping array
25.01.18	22581228	Manning AK	13.05.12	Nat Genet	www.ncbi.nlm.nih.gov/pubmed/22581228	A genome-wide approach accounting for body mass index identifies genetic variants influencing fasting glycemic traits and insulin resistance.	Fasting blood glucose	"Up to 58,074 European ancestry individuals"	"Up tp 38,422 European ancestry individuals"	11p11.2	11	47336320	MADD	MADD			8567			rs7944584-A	rs7944584	0	7944584	intron_variant	0	0.7262	4.00E-13	12.39794001		0.0253	[0.018-0.032] unit increase	"Affymetrix, Illumina [~ 2400000] (imputed)"	N	fasting blood glucose measurement	http://www.ebi.ac.uk/efo/EFO_0004465	GCST005186	Genome-wide genotyping array
15.08.12	22581228	Manning AK	13.05.12	Nat Genet	www.ncbi.nlm.nih.gov/pubmed/22581228	A genome-wide approach accounting for body mass index identifies genetic variants influencing fasting glycemic traits and insulin resistance.	Fasting blood glucose (BMI interaction)	"Up to 58,074 European ancestry individuals"	"Up tp 38,422 European ancestry individuals"	11p11.2	11	47336320	MADD	MADD			8567			rs7944584-A	rs7944584	0	7944584	intron_variant	0	0.7264	4.00E-12	11.39794001		9.00E-04	[-0.00058-0.00238] unit decrease	"Affymetrix, Illumina [~ 2400000] (imputed)"	N	"body mass index, fasting blood glucose measurement"	"http://www.ebi.ac.uk/efo/EFO_0004340, http://www.ebi.ac.uk/efo/EFO_0004465"	GCST001527	Genome-wide genotyping array
28.02.10	20081858	Dupuis J	17.01.10	Nat Genet	www.ncbi.nlm.nih.gov/pubmed/20081858	New genetic loci implicated in fasting glucose homeostasis and their impact on type 2 diabetes risk.	Fasting blood glucose	"46,186 European ancestry individuals"	"76,558 European ancestry individuals"	11p11.2	11	47336320	MADD	MADD			8567			rs7944584-A	rs7944584	0	7944584	intron_variant	0	0.75	2.00E-18	17.69897		0.021	[0.015-0.027] mmol/L increase (replication)	"Affymetrix, Illumina [~ 2500000] (imputed)"	N	fasting blood glucose measurement	http://www.ebi.ac.uk/efo/EFO_0004465	GCST000568	Genome-wide genotyping array
25.01.18	22581228	Manning AK	13.05.12	Nat Genet	www.ncbi.nlm.nih.gov/pubmed/22581228	A genome-wide approach accounting for body mass index identifies genetic variants influencing fasting glycemic traits and insulin resistance.	Fasting blood glucose	"Up to 58,074 European ancestry individuals"	"Up tp 38,422 European ancestry individuals"	11p11.2	11	48333360	OR4S1	OR4S1 - OR4C3	256148	256144		4656	13133	rs1483121-A	rs1483121	0	1483121	intergenic_variant	1	0.1454	2.00E-09	8.698970004		0.0221	[0.015-0.029] unit decrease	"Affymetrix, Illumina [~ 2400000] (imputed)"	N	fasting blood glucose measurement	http://www.ebi.ac.uk/efo/EFO_0004465	GCST005186	Genome-wide genotyping array
15.08.12	22581228	Manning AK	13.05.12	Nat Genet	www.ncbi.nlm.nih.gov/pubmed/22581228	A genome-wide approach accounting for body mass index identifies genetic variants influencing fasting glycemic traits and insulin resistance.	Fasting blood glucose (BMI interaction)	"Up to 58,074 European ancestry individuals"	"Up tp 38,422 European ancestry individuals"	11p11.2	11	48333360	OR4S1	OR4S1 - OR4C3	256148	256144		4656	13133	rs1483121-A	rs1483121	0	1483121	intergenic_variant	1	0.1456	2.00E-08	7.698970004		0.00119	[-0.0004-0.00278] unit increase	"Affymetrix, Illumina [~ 2400000] (imputed)"	N	"body mass index, fasting blood glucose measurement"	"http://www.ebi.ac.uk/efo/EFO_0004340, http://www.ebi.ac.uk/efo/EFO_0004465"	GCST001527	Genome-wide genotyping array
25.01.18	22581228	Manning AK	13.05.12	Nat Genet	www.ncbi.nlm.nih.gov/pubmed/22581228	A genome-wide approach accounting for body mass index identifies genetic variants influencing fasting glycemic traits and insulin resistance.	Fasting blood glucose	"Up to 58,074 European ancestry individuals"	"Up tp 38,422 European ancestry individuals"	11q12.2	11	61571478	FADS1	FADS1			3992			rs174550-T	rs174550	0	174550	5_prime_UTR_variant	0	0.649	2.00E-10	9.698970004		0.0203	[0.014-0.027] unit increase	"Affymetrix, Illumina [~ 2400000] (imputed)"	N	fasting blood glucose measurement	http://www.ebi.ac.uk/efo/EFO_0004465	GCST005186	Genome-wide genotyping array
15.08.12	22581228	Manning AK	13.05.12	Nat Genet	www.ncbi.nlm.nih.gov/pubmed/22581228	A genome-wide approach accounting for body mass index identifies genetic variants influencing fasting glycemic traits and insulin resistance.	Fasting blood glucose (BMI interaction)	"Up to 58,074 European ancestry individuals"	"Up tp 38,422 European ancestry individuals"	11q12.2	11	61571478	FADS1	FADS1			3992			rs174550-T	rs174550	0	174550	5_prime_UTR_variant	0	0.6571	2.00E-09	8.698970004		0.001	[-0.00036-0.00236] unit decrease	"Affymetrix, Illumina [~ 2400000] (imputed)"	N	"body mass index, fasting blood glucose measurement"	"http://www.ebi.ac.uk/efo/EFO_0004340, http://www.ebi.ac.uk/efo/EFO_0004465"	GCST001527	Genome-wide genotyping array
28.02.10	20081858	Dupuis J	17.01.10	Nat Genet	www.ncbi.nlm.nih.gov/pubmed/20081858	New genetic loci implicated in fasting glucose homeostasis and their impact on type 2 diabetes risk.	Fasting blood glucose	"46,186 European ancestry individuals"	"76,558 European ancestry individuals"	11q12.2	11	61571478	FADS1	FADS1			3992			rs174550-T	rs174550	0	174550	5_prime_UTR_variant	0	0.64	2.00E-15	14.69897		0.017	[0.011-0.023] mmol/L increase (replication)	"Affymetrix, Illumina [~ 2500000] (imputed)"	N	fasting blood glucose measurement	http://www.ebi.ac.uk/efo/EFO_0004465	GCST000568	Genome-wide genotyping array
25.01.18	22581228	Manning AK	13.05.12	Nat Genet	www.ncbi.nlm.nih.gov/pubmed/22581228	A genome-wide approach accounting for body mass index identifies genetic variants influencing fasting glycemic traits and insulin resistance.	Fasting blood glucose	"Up to 58,074 European ancestry individuals"	"Up tp 38,422 European ancestry individuals"	11q13.4	11	72432985	ARAP1	ARAP1			116985			rs11603334-A	rs11603334	0	11603334	5_prime_UTR_variant	0	0.1799	2.00E-09	8.698970004		0.0192	[0.013-0.025] unit decrease	"Affymetrix, Illumina [~ 2400000] (imputed)"	N	fasting blood glucose measurement	http://www.ebi.ac.uk/efo/EFO_0004465	GCST005186	Genome-wide genotyping array
15.08.12	22581228	Manning AK	13.05.12	Nat Genet	www.ncbi.nlm.nih.gov/pubmed/22581228	A genome-wide approach accounting for body mass index identifies genetic variants influencing fasting glycemic traits and insulin resistance.	Fasting blood glucose (BMI interaction)	"Up to 58,074 European ancestry individuals"	"Up tp 38,422 European ancestry individuals"	11q13.4	11	72432985	ARAP1	ARAP1			116985			rs11603334-A	rs11603334	0	11603334	5_prime_UTR_variant	0	0.1652	2.00E-14	13.69897		0.001755	[0.00035-0.00316] unit decrease	"Affymetrix, Illumina [~ 2400000] (imputed)"	N	"body mass index, fasting blood glucose measurement"	"http://www.ebi.ac.uk/efo/EFO_0004340, http://www.ebi.ac.uk/efo/EFO_0004465"	GCST001527	Genome-wide genotyping array
07.01.09	19060909	Bouatia-Naji N	07.12.08	Nat Genet	www.ncbi.nlm.nih.gov/pubmed/19060909	A variant near MTNR1B is associated with increased fasting plasma glucose levels and type 2 diabetes risk.	Fasting plasma glucose	"2,151 European ancestry individuals"	"16,094 European ancestry individuals"	11q14.3	11	92673828	MTNR1B	SNRPGP16 - MTNR1B	106480270	4544		2996	28961	rs1387153-T	rs1387153	0	1387153	intergenic_variant	1	0.29	2.00E-36	35.69897		0.07	[0.05-0.08] mmol/l increase	Illumina [308846]	N	fasting blood glucose measurement	http://www.ebi.ac.uk/efo/EFO_0004465	GCST000291	Genome-wide genotyping array
01.03.14	23903356	Hayes MG	31.07.13	Diabetes	www.ncbi.nlm.nih.gov/pubmed/23903356	Identification of HKDC1 and BACE2 as genes influencing glycemic traits during pregnancy through genome-wide association studies.	Glycemic traits (pregnancy)	"1,367 European ancestry individuals, 817 Hispanic individuals, 1,075 Afro-Caribbean individuals, 1,178 Thai ancestry individuals"	"2,798 European ancestry individuals, 228 French Canadian founder population individuals"	11q14.3	11	92690032	MTNR1B	SNRPGP16 - MTNR1B	106480270	4544		19200	12757	rs7936247-T	rs7936247	0	7936247	intergenic_variant	1	0.361	2.00E-12	11.69897	(FPG)	0.0029	[NR] unit increase	Illumina [up to 945994] (imputed)	N	fasting blood glucose measurement	http://www.ebi.ac.uk/efo/EFO_0004465	GCST002110	Genome-wide genotyping array
04.09.09	19651812	Chambers JC	03.08.09	Diabetes	www.ncbi.nlm.nih.gov/pubmed/19651812	Common genetic variation near melatonin receptor MTNR1B contributes to raised plasma glucose and increased risk of type 2 diabetes among Indian Asians and European Caucasians.	Fasting plasma glucose	"698 Asian Indian ancestry cases, 6,776 Asian Indian ancestry controls"	"4,462 European ancestry controls"	11q14.3	11	92691532	MTNR1B	SNRPGP16 - MTNR1B	106480270	4544		20700	11257	rs2166706-G	rs2166706	0	2166706	intergenic_variant	1	0.46	2.00E-09	8.698970004		0.07	(0.04-0.09) mmol/L increase	Illumina [up to 544390]	N	fasting blood glucose measurement	http://www.ebi.ac.uk/efo/EFO_0004465	GCST000457	Genome-wide genotyping array
19.06.12	22508271	Rasmussen-Torvik LJ	16.04.12	Genet Epidemiol	www.ncbi.nlm.nih.gov/pubmed/22508271	Fasting glucose GWAS candidate region analysis across ethnic groups in the Multiethnic Study of Atherosclerosis (MESA).	Fasting plasma glucose	"2,349 European ancestry individuals, 664 Chinese ancestry individuals, 1,366 African American individuals, 1,171 Hispanic individuals"	NA	11q14.3	11	92708710	MTNR1B	MTNR1B			4544			rs10830963-G	rs10830963	0	10830963	intron_variant	0	0.27	1.00E-12	12	(Fasting glucose)	1.38	[1.01-1.75] mg/dL increase	Affymetrix [NR] (imputed)	N	fasting blood glucose measurement	http://www.ebi.ac.uk/efo/EFO_0004465	GCST001486	Genome-wide genotyping array
10.08.18	29844224	Loomis SJ	29.05.18	Diabetes	www.ncbi.nlm.nih.gov/pubmed/29844224	Genome-Wide Association Study of Serum Fructosamine and Glycated Albumin in Adults Without Diagnosed Diabetes: Results from the Atherosclerosis Risk in Communities Study.	Fasting blood glucose	"7,647 European ancestry individuals, 2,104 Black individuals"	NA	11q14.3	11	92708710	MTNR1B	MTNR1B			4544			rs10830963-G	rs10830963	0	10830963	intron_variant	0	0.28	3.00E-07	6.522878745	(EA)	1.577	[0.97-2.18] unit increase	Affymetrix [NR] (imputed)	N	fasting blood glucose measurement	http://www.ebi.ac.uk/efo/EFO_0004465	GCST006059	Genome-wide genotyping array
16.10.18	29743933	Wu B	18.03.18	Comput Math Methods Med	www.ncbi.nlm.nih.gov/pubmed/29743933	Fast and Accurate Genome-Wide Association Test of Multiple Quantitative Traits.	Glycemic traits (multi-trait analysis)	"5,947 European ancestry individuals"	NA	11q14.3	11	92708710	NR	MTNR1B			4544			rs10830963-?	rs10830963	0	10830963	intron_variant	0	NR	6.00E-26	25.22184875				NR [~ 2500000] (imputed)	N	"fasting blood glucose measurement, glucose tolerance test, fasting blood insulin measurement"	"http://www.ebi.ac.uk/efo/EFO_0004465, http://www.ebi.ac.uk/efo/EFO_0004307, http://www.ebi.ac.uk/efo/EFO_0004466"	GCST006404	Genome-wide genotyping array
25.01.18	22581228	Manning AK	13.05.12	Nat Genet	www.ncbi.nlm.nih.gov/pubmed/22581228	A genome-wide approach accounting for body mass index identifies genetic variants influencing fasting glycemic traits and insulin resistance.	Fasting blood glucose	"Up to 58,074 European ancestry individuals"	"Up tp 38,422 European ancestry individuals"	11q14.3	11	92708710	MTNR1B	MTNR1B			4544			rs10830963-C	rs10830963	0	10830963	intron_variant	0	0.7055	2.00E-100	99.69897		0.0794	[0.072-0.087] unit decrease	"Affymetrix, Illumina [~ 2400000] (imputed)"	N	fasting blood glucose measurement	http://www.ebi.ac.uk/efo/EFO_0004465	GCST005186	Genome-wide genotyping array
15.08.12	22581228	Manning AK	13.05.12	Nat Genet	www.ncbi.nlm.nih.gov/pubmed/22581228	A genome-wide approach accounting for body mass index identifies genetic variants influencing fasting glycemic traits and insulin resistance.	Fasting blood glucose (BMI interaction)	"Up to 58,074 European ancestry individuals"	"Up tp 38,422 European ancestry individuals"	11q14.3	11	92708710	MTNR1B	MTNR1B			4544			rs10830963-C	rs10830963	0	10830963	intron_variant	0	0.7094	4.00E-105	104.39794		0.0014	[-0.00019-0.00299] unit decrease	"Affymetrix, Illumina [~ 2400000] (imputed)"	N	"body mass index, fasting blood glucose measurement"	"http://www.ebi.ac.uk/efo/EFO_0004340, http://www.ebi.ac.uk/efo/EFO_0004465"	GCST001527	Genome-wide genotyping array
28.02.10	20081858	Dupuis J	17.01.10	Nat Genet	www.ncbi.nlm.nih.gov/pubmed/20081858	New genetic loci implicated in fasting glucose homeostasis and their impact on type 2 diabetes risk.	Fasting blood glucose	"46,186 European ancestry individuals"	"76,558 European ancestry individuals"	11q14.3	11	92708710	MTNR1B	MTNR1B			4544			rs10830963-G	rs10830963	0	10830963	intron_variant	0	0.3	6.00E-175	174.2218487		0.067	[0.061-0.073] mmol/L increase (replication)	"Affymetrix, Illumina [~ 2500000] (imputed)"	N	fasting blood glucose measurement	http://www.ebi.ac.uk/efo/EFO_0004465	GCST000568	Genome-wide genotyping array
25.01.18	22581228	Manning AK	13.05.12	Nat Genet	www.ncbi.nlm.nih.gov/pubmed/22581228	A genome-wide approach accounting for body mass index identifies genetic variants influencing fasting glycemic traits and insulin resistance.	Fasting blood glucose	"Up to 58,074 European ancestry individuals"	"Up tp 38,422 European ancestry individuals"	12q24.31	12	121938185	FBXL10	KDM2B			84678			rs10849893-C	rs10849893	0	10849893	intron_variant	0	0.6036	6.00E-07	6.22184875		0.0175	[0.011-0.024] unit increase	"Affymetrix, Illumina [~ 2400000] (imputed)"	N	fasting blood glucose measurement	http://www.ebi.ac.uk/efo/EFO_0004465	GCST005186	Genome-wide genotyping array
25.01.18	22581228	Manning AK	13.05.12	Nat Genet	www.ncbi.nlm.nih.gov/pubmed/22581228	A genome-wide approach accounting for body mass index identifies genetic variants influencing fasting glycemic traits and insulin resistance.	Fasting blood glucose	"Up to 58,074 European ancestry individuals"	"Up tp 38,422 European ancestry individuals"	13q12.2	12	121938185	PDX1	PDX1-AS1			100861550			rs2293941-A	rs2293941	0	2293941	intron_variant	0	0.2231	9.00E-10	9.045757491		0.018	[0.012-0.024] unit increase	"Affymetrix, Illumina [~ 2400000] (imputed)"	N	fasting blood glucose measurement	http://www.ebi.ac.uk/efo/EFO_0004465	GCST005186	Genome-wide genotyping array
21.06.17	28270201	Nagy R	07.03.17	Genome Med	www.ncbi.nlm.nih.gov/pubmed/28270201	"Exploration of haplotype research consortium imputation for genome-wide association studies in 20,032 Generation Scotland participants."	Fasting plasma glucose	"15,226 British ancestry non-diabetics individuals from 6863 families, 948 British ancestry diabetic individuals from 6863 families."	NA	13q12.2	13	28491198	PDX1	PDX1			3651			rs7981781-A	rs7981781	0	7981781	3_prime_UTR_variant	0	0.2337	1.00E-08	8		0.07885604	[0.052-0.106] mmol/L increase	Illumina [24111857] (imputed)	N	fasting blood glucose measurement	http://www.ebi.ac.uk/efo/EFO_0004465	GCST004206	Genome-wide genotyping array
21.06.17	28270201	Nagy R	07.03.17	Genome Med	www.ncbi.nlm.nih.gov/pubmed/28270201	"Exploration of haplotype research consortium imputation for genome-wide association studies in 20,032 Generation Scotland participants."	Fasting plasma glucose	"15,226 British ancestry non-diabetics individuals from 6863 families, 948 British ancestry diabetic individuals from 6863 families."	NA	13q12.2	13	28491198	PDX1	PDX1			3651			rs7981781-A	rs7981781	0	7981781	3_prime_UTR_variant	0	0.2337	5.00E-10	9.301029996	(Non diabetics)	0.088977575	[0.061-0.117] mmol/L increase	Illumina [24111857] (imputed)	N	fasting blood glucose measurement	http://www.ebi.ac.uk/efo/EFO_0004465	GCST004206	Genome-wide genotyping array
25.01.18	22581228	Manning AK	13.05.12	Nat Genet	www.ncbi.nlm.nih.gov/pubmed/22581228	A genome-wide approach accounting for body mass index identifies genetic variants influencing fasting glycemic traits and insulin resistance.	Fasting blood glucose	"Up to 58,074 European ancestry individuals"	"Up tp 38,422 European ancestry individuals"	14q32.11	13	28499962	FOXN3	FOXN3			1112			rs8004664-A	rs8004664	0	8004664	intron_variant	0	0.6063	1.00E-06	6		0.0124	[0.0075-0.0173] unit decrease	"Affymetrix, Illumina [~ 2400000] (imputed)"	N	fasting blood glucose measurement	http://www.ebi.ac.uk/efo/EFO_0004465	GCST005186	Genome-wide genotyping array
15.08.12	22581228	Manning AK	13.05.12	Nat Genet	www.ncbi.nlm.nih.gov/pubmed/22581228	A genome-wide approach accounting for body mass index identifies genetic variants influencing fasting glycemic traits and insulin resistance.	Fasting blood glucose (BMI interaction)	"Up to 58,074 European ancestry individuals"	"Up tp 38,422 European ancestry individuals"	14q32.11	13	28499962	FOXN3	FOXN3			1112			rs8004664-A	rs8004664	0	8004664	intron_variant	0	0.6063	3.00E-06	5.522878745		6.45E-04	[-0.00044-0.00173] unit decrease	"Affymetrix, Illumina [~ 2400000] (imputed)"	N	"body mass index, fasting blood glucose measurement"	"http://www.ebi.ac.uk/efo/EFO_0004340, http://www.ebi.ac.uk/efo/EFO_0004465"	GCST001527	Genome-wide genotyping array
16.10.18	29743933	Wu B	18.03.18	Comput Math Methods Med	www.ncbi.nlm.nih.gov/pubmed/29743933	Fast and Accurate Genome-Wide Association Test of Multiple Quantitative Traits.	Glycemic traits (multi-trait analysis)	"5,947 European ancestry individuals"	NA	15q22.2	14	90034972	NR	VPS13C			54832			rs2042608-?	rs2042608	0	2042608	intron_variant	0	NR	3.00E-09	8.522878745				NR [~ 2500000] (imputed)	N	"fasting blood glucose measurement, glucose tolerance test, fasting blood insulin measurement"	"http://www.ebi.ac.uk/efo/EFO_0004465, http://www.ebi.ac.uk/efo/EFO_0004307, http://www.ebi.ac.uk/efo/EFO_0004466"	GCST006404	Genome-wide genotyping array
16.10.18	29743933	Wu B	18.03.18	Comput Math Methods Med	www.ncbi.nlm.nih.gov/pubmed/29743933	Fast and Accurate Genome-Wide Association Test of Multiple Quantitative Traits.	Glycemic traits (multi-trait analysis)	"5,947 European ancestry individuals"	NA	15q22.2	14	90034972	NR	VPS13C			54832			rs17271340-?	rs17271340	0	17271340	intron_variant	0	NR	9.00E-10	9.045757491				NR [~ 2500000] (imputed)	N	"fasting blood glucose measurement, glucose tolerance test, fasting blood insulin measurement"	"http://www.ebi.ac.uk/efo/EFO_0004465, http://www.ebi.ac.uk/efo/EFO_0004307, http://www.ebi.ac.uk/efo/EFO_0004466"	GCST006404	Genome-wide genotyping array
25.01.18	22581228	Manning AK	13.05.12	Nat Genet	www.ncbi.nlm.nih.gov/pubmed/22581228	A genome-wide approach accounting for body mass index identifies genetic variants influencing fasting glycemic traits and insulin resistance.	Fasting blood glucose	"Up to 58,074 European ancestry individuals"	"Up tp 38,422 European ancestry individuals"	15q22.2	15	62232380	VPS13C	NPM1P47 - C2CD4B	100129972	388125		21344	58792	rs7173964-A	rs7173964	0	7173964	intergenic_variant	1	0.4437	1.00E-10	10		0.0203	[0.014-0.026] unit decrease	"Affymetrix, Illumina [~ 2400000] (imputed)"	N	fasting blood glucose measurement	http://www.ebi.ac.uk/efo/EFO_0004465	GCST005186	Genome-wide genotyping array
15.08.12	22581228	Manning AK	13.05.12	Nat Genet	www.ncbi.nlm.nih.gov/pubmed/22581228	A genome-wide approach accounting for body mass index identifies genetic variants influencing fasting glycemic traits and insulin resistance.	Fasting blood glucose (BMI interaction)	"Up to 58,074 European ancestry individuals"	"Up tp 38,422 European ancestry individuals"	15q22.2	15	62347885	VPS13C	NPM1P47 - C2CD4B	100129972	388125		21344	58792	rs7173964-A	rs7173964	0	7173964	intergenic_variant	1	0.436	6.00E-12	11.22184875		5.46E-05	[-0.00128-0.00139] unit decrease	"Affymetrix, Illumina [~ 2400000] (imputed)"	N	"body mass index, fasting blood glucose measurement"	"http://www.ebi.ac.uk/efo/EFO_0004340, http://www.ebi.ac.uk/efo/EFO_0004465"	GCST001527	Genome-wide genotyping array
28.02.10	20081858	Dupuis J	17.01.10	Nat Genet	www.ncbi.nlm.nih.gov/pubmed/20081858	New genetic loci implicated in fasting glucose homeostasis and their impact on type 2 diabetes risk.	Fasting blood glucose	"46,186 European ancestry individuals"	"76,558 European ancestry individuals"	15q22.2	15	62396942	C2CD4B	NPM1P47 - C2CD4B	100129972	388125		58364	21772	rs11071657-A	rs11071657	0	11071657	intergenic_variant	1	0.63	4.00E-08	7.397940009		0.008	[0.0021-0.0139] mmol/L increase (replication)	"Affymetrix, Illumina [~ 2500000] (imputed)"	N	fasting blood glucose measurement	http://www.ebi.ac.uk/efo/EFO_0004465	GCST000568	Genome-wide genotyping array
20.09.17	28548082	Southam L	26.05.17	Nat Commun	www.ncbi.nlm.nih.gov/pubmed/28548082	Whole genome sequencing and imputation in isolated populations identify genetic associations with medically-relevant complex traits.	Fasting blood glucose adjusted for BMI	"up to 1,476 Mylopotamos (founder/genetic isolate) individuals, up to 1,737 Pomak (founder/genetic isolate) individuals"	NA	20p12.2	15	62396942	SLX4IP	SLX4IP			128710			rs6131100-A	rs6131100	0	6131100	intron_variant	0	0.037	1.00E-08	8	(Pomak)	0.79	[0.52-1.06] unit decrease	Illumina [at least 13541454] (imputed)	N	BMI-adjusted fasting blood glucose measurement	http://www.ebi.ac.uk/efo/EFO_0008036	GCST004761	Genome-wide genotyping array
25.01.18	22581228	Manning AK	13.05.12	Nat Genet	www.ncbi.nlm.nih.gov/pubmed/22581228	A genome-wide approach accounting for body mass index identifies genetic variants influencing fasting glycemic traits and insulin resistance.	Fasting blood glucose	"Up to 58,074 European ancestry individuals"	"Up tp 38,422 European ancestry individuals"	20p11.21	15	62433962	FOXA2	LINC00261 - FOXA2	140828	3170		321	2041	rs6048205-A	rs6048205	0	6048205	intron_variant	1	0.942	6.00E-09	8.22184875		0.0327	[0.022-0.044] unit increase	"Affymetrix, Illumina [~ 2400000] (imputed)"	N	fasting blood glucose measurement	http://www.ebi.ac.uk/efo/EFO_0004465	GCST005186	Genome-wide genotyping array
15.08.12	22581228	Manning AK	13.05.12	Nat Genet	www.ncbi.nlm.nih.gov/pubmed/22581228	A genome-wide approach accounting for body mass index identifies genetic variants influencing fasting glycemic traits and insulin resistance.	Fasting blood glucose (BMI interaction)	"Up to 58,074 European ancestry individuals"	"Up tp 38,422 European ancestry individuals"	20p11.21	20	10434530	FOXA2	LINC00261 - FOXA2	140828	3170		321	2041	rs6048205-A	rs6048205	0	6048205	intron_variant	1	0.9427	2.00E-12	11.69897		0.002204	[-0.00002-0.00442] unit decrease	"Affymetrix, Illumina [~ 2400000] (imputed)"	N	"body mass index, fasting blood glucose measurement"	"http://www.ebi.ac.uk/efo/EFO_0004340, http://www.ebi.ac.uk/efo/EFO_0004465"	GCST001527	Genome-wide genotyping array
18.10.13	20152958	Xing C	11.02.10	Am J Hum Genet	www.ncbi.nlm.nih.gov/pubmed/20152958	A weighted false discovery rate control procedure reveals alleles at FOXA2 that influence fasting glucose levels.	Fasting plasma glucose	"2,029 African American individuals, 7,428 European ancestry individuals"	"1,571 African American individuals, 3,825 European ancestry individuals"	20p11.21	20	22559601	FOXA2	FOXA2 - LINC01384	3170	101929685		1841	218	rs1209523-?	rs1209523	0	1209523	regulatory_region_variant	1	0.043	2.00E-11	10.69897				Affymetrix [814004]	N	fasting blood glucose measurement	http://www.ebi.ac.uk/efo/EFO_0004465	GCST000591	Genome-wide genotyping array
21.06.17	28270201	Nagy R	07.03.17	Genome Med	www.ncbi.nlm.nih.gov/pubmed/28270201	"Exploration of haplotype research consortium imputation for genome-wide association studies in 20,032 Generation Scotland participants."	Fasting plasma glucose	"15,226 British ancestry non-diabetics individuals from 6863 families, 948 British ancestry diabetic individuals from 6863 families."	NA	21q22.3	20	22559601	WDR4	WDR4			10785			rs370189685-C	rs370189685	0	370189685	intron_variant	0	0.0014	7.00E-09	8.15490196		1.1757375	[0.78-1.57] mmol/L decrease	Illumina [24111857] (imputed)	N	fasting blood glucose measurement	http://www.ebi.ac.uk/efo/EFO_0004465	GCST004206	Genome-wide genotyping array
21.06.17	28270201	Nagy R	07.03.17	Genome Med	www.ncbi.nlm.nih.gov/pubmed/28270201	"Exploration of haplotype research consortium imputation for genome-wide association studies in 20,032 Generation Scotland participants."	Fasting plasma glucose	"15,226 British ancestry non-diabetics individuals from 6863 families, 948 British ancestry diabetic individuals from 6863 families."	NA	21q22.3	20	22567942	WDR4	WDR4			10785			rs370189685	rs370189685	0	370189685	intron_variant	0	0.0014	3.00E-08	7.522878745	(Non diabetics)	1.1502396	[0.74-1.56] mmol/L decrease	Illumina [24111857] (imputed)	N	fasting blood glucose measurement	http://www.ebi.ac.uk/efo/EFO_0004465	GCST004206	Genome-wide genotyping array
											21	44276432																									
											21	44276432																									